7/20/04,0
7/21/04,0
7/22/04,0
7/23/04,0
7/24/04,0
7/25/04,0
7/26/04,0
7/27/04,0
7/28/04,0
7/29/04,0
7/30/04,0
7/31/04,0
8/1/04,0
8/2/04,0
8/3/04,0
8/4/04,0
8/5/04,0
8/6/04,0
8/7/04,0
8/8/04,0
8/9/04,0
8/10/04,0
8/11/04,0
8/12/04,0
8/13/04,0
8/14/04,0
8/15/04,0
8/16/04,0
8/17/04,0
8/18/04,0
8/19/04,0
8/20/04,0
8/21/04,0
8/22/04,0
8/23/04,0
8/24/04,0
8/25/04,0
8/26/04,0
8/27/04,0
8/28/04,0
8/29/04,0
8/30/04,0
8/31/04,0
9/1/04,0
9/2/04,0
9/3/04,0
9/4/04,0
9/5/04,0
9/6/04,0
9/7/04,0
9/8/04,0
9/9/04,0
9/10/04,0
9/11/04,0
9/12/04,0
9/13/04,0
9/14/04,0
9/15/04,0
9/16/04,0
9/17/04,0
9/18/04,0
9/19/04,0
9/20/04,0
9/21/04,0
9/22/04,0
9/23/04,0
9/24/04,0
9/25/04,0
9/26/04,0
9/27/04,0
9/28/04,0
9/29/04,0
9/30/04,0
10/1/04,0
10/2/04,0
10/3/04,0
10/4/04,0
10/5/04,0
10/6/04,0
10/7/04,0
10/8/04,0
10/9/04,0
10/10/04,0
10/11/04,0
10/12/04,0
10/13/04,0
10/14/04,0
10/15/04,0
10/16/04,0
10/17/04,0
10/18/04,2
10/19/04,2
10/20/04,1
10/21/04,13
10/22/04,11
10/23/04,11
10/24/04,16
10/25/04,15
10/26/04,16
10/27/04,15
10/28/04,13
10/29/04,18
10/30/04,19
10/31/04,19
11/1/04,23
11/2/04,21
11/3/04,19
11/4/04,17
11/5/04,16
11/6/04,16
11/7/04,15
11/8/04,13
11/9/04,12
11/10/04,12
11/11/04,11
11/12/04,11
11/13/04,13
11/14/04,13
11/15/04,13
11/16/04,13
11/17/04,11
11/18/04,12
11/19/04,11
11/20/04,12
11/21/04,12
11/22/04,13
11/23/04,12
11/24/04,12
11/25/04,11
11/26/04,16
11/27/04,15
11/28/04,22
11/29/04,22
11/30/04,21
12/1/04,21
12/2/04,21
12/3/04,20
12/4/04,19
12/5/04,19
12/6/04,19
12/7/04,20
12/8/04,23
12/9/04,38
12/10/04,36
12/11/04,34
12/12/04,33
12/13/04,32
12/14/04,32
12/15/04,31
12/16/04,30
12/17/04,30
12/18/04,30
12/19/04,30
12/20/04,29
12/21/04,28
12/22/04,29
12/23/04,34
12/24/04,32
12/25/04,31
12/26/04,31
12/27/04,30
12/28/04,30
12/29/04,30
12/30/04,35
12/31/04,40
1/1/05,44
1/2/05,44
1/3/05,43
1/4/05,41
1/5/05,40
1/6/05,40
1/7/05,42
1/8/05,42
1/9/05,47
1/10/05,48
1/11/05,54
1/12/05,59
1/13/05,58
1/14/05,56
1/15/05,54
1/16/05,53
1/17/05,51
1/18/05,51
1/19/05,49
1/20/05,48
1/21/05,47
1/22/05,47
1/23/05,47
1/24/05,47
1/25/05,47
1/26/05,45
1/27/05,45
1/28/05,45
1/29/05,45
1/30/05,45
1/31/05,45
2/1/05,44
2/2/05,45
2/3/05,44
2/4/05,45
2/5/05,43
2/6/05,44
2/7/05,47
2/8/05,49
2/9/05,47
2/10/05,46
2/11/05,46
2/12/05,46
2/13/05,48
2/14/05,47
2/15/05,53
2/16/05,57
2/17/05,55
2/18/05,53
2/19/05,52
2/20/05,56
2/21/05,59
2/22/05,59
2/23/05,58
2/24/05,57
2/25/05,57
2/26/05,56
2/27/05,56
2/28/05,56
3/1/05,56
3/2/05,56
3/3/05,55
3/4/05,54
3/5/05,53
3/6/05,53
3/7/05,52
3/8/05,51
3/9/05,51
3/10/05,50
3/11/05,49
3/12/05,48
3/13/05,47
3/14/05,47
3/15/05,47
3/16/05,46
3/17/05,46
3/18/05,47
3/19/05,47
3/20/05,47
3/21/05,50
3/22/05,51
3/23/05,51
3/24/05,58
3/25/05,60
3/26/05,59
3/27/05,58
3/28/05,56
3/29/05,62
3/30/05,64
3/31/05,65
4/1/05,62
4/2/05,60
4/3/05,57
4/4/05,55
4/5/05,58
4/6/05,56
4/7/05,54
4/8/05,52
4/9/05,55
4/10/05,54
4/11/05,53
4/12/05,53
4/13/05,51
4/14/05,48
4/15/05,49
4/16/05,48
4/17/05,46
4/18/05,43
4/19/05,43
4/20/05,47
4/21/05,46
4/22/05,45
4/23/05,43
4/24/05,42
4/25/05,43
4/26/05,41
4/27/05,39
4/28/05,37
4/29/05,40
4/30/05,39
5/1/05,40
5/2/05,39
5/3/05,38
5/4/05,35
5/5/05,33
5/6/05,32
5/7/05,29
5/8/05,29
5/9/05,27
5/10/05,24
5/11/05,34
5/12/05,34
5/13/05,32
5/14/05,29
5/15/05,29
5/16/05,25
5/17/05,22
5/18/05,25
5/19/05,20
5/20/05,17
5/21/05,13
5/22/05,9
5/23/05,5
5/24/05,1
5/25/05,0
5/26/05,0
5/27/05,0
5/28/05,0
5/29/05,0
5/30/05,0
5/31/05,0
6/1/05,0
6/2/05,0
6/3/05,0
6/4/05,0
6/5/05,0
6/6/05,0
6/7/05,0
6/8/05,2
6/9/05,0
6/10/05,0
6/11/05,0
6/12/05,0
6/13/05,0
6/14/05,0
6/15/05,0
6/16/05,0
6/17/05,0
6/18/05,0
6/19/05,0
6/20/05,0
6/21/05,0
6/22/05,0
6/23/05,0
6/24/05,0
6/25/05,0
6/26/05,0
6/27/05,0
6/28/05,0
6/29/05,0
6/30/05,0
7/1/05,0
7/2/05,0
7/3/05,0
7/4/05,0
7/5/05,0
7/6/05,0
7/7/05,0
7/8/05,0
7/9/05,0
7/10/05,0
7/11/05,0
7/12/05,0
7/13/05,0
7/14/05,0
7/15/05,0
7/16/05,0
7/17/05,0
7/18/05,0
7/19/05,0
7/20/05,0
7/21/05,0
7/22/05,0
7/23/05,0
7/24/05,0
7/25/05,0
7/26/05,0
7/27/05,0
7/28/05,0
7/29/05,0
7/30/05,0
7/31/05,0
8/1/05,0
8/2/05,0
8/3/05,0
8/4/05,0
8/5/05,0
8/6/05,0
8/7/05,0
8/8/05,0
8/9/05,0
8/10/05,0
8/11/05,0
8/12/05,0
8/13/05,0
8/14/05,0
8/15/05,0
8/16/05,0
8/17/05,0
8/18/05,0
8/19/05,0
8/20/05,0
8/21/05,0
8/22/05,0
8/23/05,0
8/24/05,0
8/25/05,0
8/26/05,0
8/27/05,0
8/28/05,0
8/29/05,0
8/30/05,0
8/31/05,0
9/1/05,0
9/2/05,0
9/3/05,0
9/4/05,0
9/5/05,0
9/6/05,0
9/7/05,0
9/8/05,0
9/9/05,0
9/10/05,0
9/11/05,0
9/12/05,0
9/13/05,0
9/14/05,0
9/15/05,0
9/16/05,0
9/17/05,0
9/18/05,0
9/19/05,0
9/20/05,0
9/21/05,0
9/22/05,0
9/23/05,0
9/24/05,0
9/25/05,0
9/26/05,0
9/27/05,0
9/28/05,0
9/29/05,0
9/30/05,0
10/1/05,0
10/2/05,0
10/3/05,0
10/4/05,0
10/5/05,0
10/6/05,0
10/7/05,0
10/8/05,0
10/9/05,0
10/10/05,0
10/11/05,0
10/12/05,0
10/13/05,0
10/14/05,0
10/15/05,0
10/16/05,0
10/17/05,0
10/18/05,0
10/19/05,0
10/20/05,0
10/21/05,0
10/22/05,0
10/23/05,0
10/24/05,0
10/25/05,0
10/26/05,0
10/27/05,0
10/28/05,0
10/29/05,0
10/30/05,0
10/31/05,0
11/1/05,0
11/2/05,0
11/3/05,0
11/4/05,0
11/5/05,6
11/6/05,4
11/7/05,4
11/8/05,3
11/9/05,2
11/10/05,2
11/11/05,0
11/12/05,0
11/13/05,0
11/14/05,5
11/15/05,12
11/16/05,11
11/17/05,10
11/18/05,9
11/19/05,9
11/20/05,9
11/21/05,9
11/22/05,8
11/23/05,8
11/24/05,8
11/25/05,9
11/26/05,9
11/27/05,15
11/28/05,16
11/29/05,16
11/30/05,19
12/1/05,18
12/2/05,26
12/3/05,31
12/4/05,32
12/5/05,32
12/6/05,28
12/7/05,31
12/8/05,29
12/9/05,28
12/10/05,27
12/11/05,26
12/12/05,25
12/13/05,24
12/14/05,25
12/15/05,26
12/16/05,25
12/17/05,24
12/18/05,27
12/19/05,27
12/20/05,30
12/21/05,29
12/22/05,28
12/23/05,31
12/24/05,31
12/25/05,30
12/26/05,29
12/27/05,33
12/28/05,33
12/29/05,32
12/30/05,33
12/31/05,36
1/1/06,49
1/2/06,49
1/3/06,53
1/4/06,55
1/5/06,54
1/6/06,51
1/7/06,50
1/8/06,51
1/9/06,54
1/10/06,52
1/11/06,
1/12/06,59
1/13/06,58
1/14/06,57
1/15/06,55
1/16/06,59
1/17/06,58
1/18/06,58
1/19/06,62
1/20/06,60
1/21/06,59
1/22/06,59
1/23/06,58
1/24/06,57
1/25/06,55
1/26/06,54
1/27/06,53
1/28/06,58
1/29/06,60
1/30/06,59
1/31/06,64
2/1/06,63
2/2/06,67
2/3/06,65
2/4/06,65
2/5/06,66
2/6/06,66
2/7/06,65
2/8/06,64
2/9/06,62
2/10/06,61
2/11/06,61
2/12/06,59
2/13/06,59
2/14/06,58
2/15/06,62
2/16/06,66
2/17/06,64
2/18/06,62
2/19/06,62
2/20/06,62
2/21/06,61
2/22/06,61
2/23/06,61
2/24/06,59
2/25/06,59
2/26/06,58
2/27/06,57
2/28/06,56
3/1/06,58
3/2/06,57
3/3/06,57
3/4/06,57
3/5/06,58
3/6/06,57
3/7/06,64
3/8/06,64
3/9/06,63
3/10/06,65
3/11/06,64
3/12/06,63
3/13/06,63
3/14/06,63
3/15/06,64
3/16/06,67
3/17/06,65
3/18/06,67
3/19/06,70
3/20/06,72
3/21/06,70
3/22/06,71
3/23/06,68
3/24/06,68
3/25/06,66
3/26/06,67
3/27/06,69
3/28/06,67
3/29/06,68
3/30/06,71
3/31/06,69
4/1/06,70
4/2/06,71
4/3/06,68
4/4/06,66
4/5/06,64
4/6/06,68
4/7/06,74
4/8/06,69
4/9/06,65
4/10/06,64
4/11/06,67
4/12/06,65
4/13/06,63
4/14/06,61
4/15/06,60
4/16/06,60
4/17/06,57
4/18/06,62
4/19/06,60
4/20/06,59
4/21/06,58
4/22/06,56
4/23/06,54
4/24/06,52
4/25/06,52
4/26/06,51
4/27/06,49
4/28/06,48
4/29/06,45
4/30/06,43
5/1/06,41
5/2/06,39
5/3/06,37
5/4/06,37
5/5/06,38
5/6/06,35
5/7/06,34
5/8/06,32
5/9/06,31
5/10/06,30
5/11/06,28
5/12/06,25
5/13/06,23
5/14/06,20
5/15/06,17
5/16/06,12
5/17/06,7
5/18/06,3
5/19/06,0
5/20/06,0
5/21/06,0
5/22/06,0
5/23/06,0
5/24/06,0
5/25/06,0
5/26/06,0
5/27/06,0
5/28/06,0
5/29/06,2
5/30/06,0
5/31/06,0
6/1/06,0
6/2/06,0
6/3/06,0
6/4/06,0
6/5/06,0
6/6/06,0
6/7/06,0
6/8/06,0
6/9/06,0
6/10/06,0
6/11/06,0
6/12/06,0
6/13/06,0
6/14/06,0
6/15/06,0
6/16/06,0
6/17/06,0
6/18/06,0
6/19/06,0
6/20/06,0
6/21/06,0
6/22/06,0
6/23/06,0
6/24/06,0
6/25/06,0
6/26/06,0
6/27/06,0
6/28/06,0
6/29/06,0
6/30/06,0
7/1/06,0
7/2/06,0
7/3/06,0
7/4/06,0
7/5/06,0
7/6/06,0
7/7/06,0
7/8/06,0
7/9/06,0
7/10/06,0
7/11/06,0
7/12/06,0
7/13/06,0
7/14/06,0
7/15/06,0
7/16/06,0
7/17/06,0
7/18/06,0
7/19/06,0
7/20/06,0
7/21/06,0
7/22/06,0
7/23/06,0
7/24/06,0
7/25/06,0
7/26/06,0
7/27/06,0
7/28/06,0
7/29/06,0
7/30/06,0
7/31/06,0
8/1/06,0
8/2/06,0
8/3/06,0
8/4/06,0
8/5/06,0
8/6/06,0
8/7/06,0
8/8/06,0
8/9/06,0
8/10/06,0
8/11/06,0
8/12/06,0
8/13/06,0
8/14/06,0
8/15/06,0
8/16/06,0
8/17/06,0
8/18/06,0
8/19/06,0
8/20/06,0
8/21/06,0
8/22/06,0
8/23/06,0
8/24/06,0
8/25/06,0
8/26/06,0
8/27/06,0
8/28/06,0
8/29/06,0
8/30/06,0
8/31/06,0
9/1/06,0
9/2/06,0
9/3/06,0
9/4/06,0
9/5/06,0
9/6/06,0
9/7/06,0
9/8/06,0
9/9/06,0
9/10/06,0
9/11/06,0
9/12/06,0
9/13/06,0
9/14/06,0
9/15/06,0
9/16/06,
9/17/06,
9/18/06,
9/19/06,
9/20/06,
9/21/06,
9/22/06,
9/23/06,
9/24/06,
9/25/06,
9/26/06,0
9/27/06,0
9/28/06,0
9/29/06,0
9/30/06,0
10/1/06,0
10/2/06,0
10/3/06,0
10/4/06,0
10/5/06,0
10/6/06,0
10/7/06,0
10/8/06,0
10/9/06,0
10/10/06,0
10/11/06,0
10/12/06,0
10/13/06,0
10/14/06,0
10/15/06,0
10/16/06,0
10/17/06,0
10/18/06,0
10/19/06,0
10/20/06,0
10/21/06,1
10/22/06,0
10/23/06,0
10/24/06,0
10/25/06,0
10/26/06,4
10/27/06,4
10/28/06,3
10/29/06,2
10/30/06,1
10/31/06,0
11/1/06,0
11/2/06,0
11/3/06,0
11/4/06,0
11/5/06,0
11/6/06,0
11/7/06,0
11/8/06,0
11/9/06,0
11/10/06,8
11/11/06,5
11/12/06,7
11/13/06,7
11/14/06,13
11/15/06,20
11/16/06,19
11/17/06,17
11/18/06,16
11/19/06,15
11/20/06,14
11/21/06,14
11/22/06,13
11/23/06,12
11/24/06,13
11/25/06,13
11/26/06,12
11/27/06,12
11/28/06,16
11/29/06,19
11/30/06,18
12/1/06,17
12/2/06,15
12/3/06,16
12/4/06,18
12/5/06,16
12/6/06,16
12/7/06,16
12/8/06,17
12/9/06,16
12/10/06,16
12/11/06,17
12/12/06,18
12/13/06,19
12/14/06,21
12/15/06,22
12/16/06,25
12/17/06,22
12/18/06,22
12/19/06,
12/20/06,
12/21/06,
12/22/06,
12/23/06,
12/24/06,
12/25/06,
12/26/06,
12/27/06,
12/28/06,26
12/29/06,
12/30/06,25
12/31/06,26
1/1/07,25
1/2/07,25
1/3/07,25
1/4/07,24
1/5/07,32
1/6/07,30
1/7/07,31
1/8/07,31
1/9/07,30
1/10/07,29
1/11/07,28
1/12/07,34
1/13/07,31
1/14/07,32
1/15/07,31
1/16/07,30
1/17/07,30
1/18/07,30
1/19/07,30
1/20/07,29
1/21/07,32
1/22/07,32
1/23/07,32
1/24/07,31
1/25/07,30
1/26/07,29
1/27/07,30
1/28/07,30
1/29/07,29
1/30/07,29
1/31/07,29
2/1/07,31
2/2/07,31
2/3/07,31
2/4/07,31
2/5/07,30
2/6/07,29
2/7/07,28
2/8/07,28
2/9/07,29
2/10/07,28
2/11/07,30
2/12/07,36
2/13/07,37
2/14/07,36
2/15/07,36
2/16/07,39
2/17/07,
2/18/07,
2/19/07,
2/20/07,
2/21/07,
2/22/07,
2/23/07,38
2/24/07,42
2/25/07,41
2/26/07,46
2/27/07,47
2/28/07,51
3/1/07,48
3/2/07,56
3/3/07,54
3/4/07,51
3/5/07,49
3/6/07,47
3/7/07,46
3/8/07,44
3/9/07,47
3/10/07,45
3/11/07,46
3/12/07,46
3/13/07,43
3/14/07,41
3/15/07,40
3/16/07,40
3/17/07,39
3/18/07,37
3/19/07,36
3/20/07,35
3/21/07,34
3/22/07,33
3/23/07,33
3/24/07,31
3/25/07,31
3/26/07,30
3/27/07,28
3/28/07,30
3/29/07,34
3/30/07,33
3/31/07,32
4/1/07,29
4/2/07,28
4/3/07,30
4/4/07,28
4/5/07,27
4/6/07,25
4/7/07,22
4/8/07,20
4/9/07,20
4/10/07,22
4/11/07,21
4/12/07,20
4/13/07,19
4/14/07,19
4/15/07,16
4/16/07,14
4/17/07,12
4/18/07,11
4/19/07,18
4/20/07,15
4/21/07,13
4/22/07,13
4/23/07,8
4/24/07,11
4/25/07,11
4/26/07,9
4/27/07,5
4/28/07,3
4/29/07,2
4/30/07,0
5/1/07,0
5/2/07,0
5/3/07,0
5/4/07,1
5/5/07,2
5/6/07,2
5/7/07,1
5/8/07,0
5/9/07,0
5/10/07,0
5/11/07,0
5/12/07,0
5/13/07,0
5/14/07,0
5/15/07,0
5/16/07,0
5/17/07,0
5/18/07,0
5/19/07,0
5/20/07,0
5/21/07,0
5/22/07,0
5/23/07,0
5/24/07,0
5/25/07,0
5/26/07,0
5/27/07,0
5/28/07,0
5/29/07,0
5/30/07,0
5/31/07,0
6/1/07,0
6/2/07,0
6/3/07,0
6/4/07,0
6/5/07,0
6/6/07,0
6/7/07,0
6/8/07,0
6/9/07,0
6/10/07,0
6/11/07,0
6/12/07,0
6/13/07,0
6/14/07,0
6/15/07,0
6/16/07,0
6/17/07,0
6/18/07,0
6/19/07,0
6/20/07,0
6/21/07,0
6/22/07,0
6/23/07,0
6/24/07,0
6/25/07,0
6/26/07,0
6/27/07,0
6/28/07,0
6/29/07,0
6/30/07,0
7/1/07,0
7/2/07,0
7/3/07,0
7/4/07,0
7/5/07,0
7/6/07,0
7/7/07,0
7/8/07,0
7/9/07,0
7/10/07,0
7/11/07,0
7/12/07,0
7/13/07,0
7/14/07,0
7/15/07,0
7/16/07,0
7/17/07,0
7/18/07,0
7/19/07,0
7/20/07,0
7/21/07,0
7/22/07,0
7/23/07,0
7/24/07,0
7/25/07,0
7/26/07,0
7/27/07,0
7/28/07,0
7/29/07,0
7/30/07,0
7/31/07,0
8/1/07,0
8/2/07,0
8/3/07,0
8/4/07,0
8/5/07,0
8/6/07,0
8/7/07,0
8/8/07,0
8/9/07,0
8/10/07,0
8/11/07,0
8/12/07,0
8/13/07,0
8/14/07,0
8/15/07,0
8/16/07,0
8/17/07,0
8/18/07,0
8/19/07,0
8/20/07,0
8/21/07,0
8/22/07,0
8/23/07,0
8/24/07,0
8/25/07,0
8/26/07,0
8/27/07,0
8/28/07,0
8/29/07,0
8/30/07,0
8/31/07,0
9/1/07,0
9/2/07,0
9/3/07,0
9/4/07,0
9/5/07,0
9/6/07,0
9/7/07,0
9/8/07,0
9/9/07,0
9/10/07,0
9/11/07,0
9/12/07,0
9/13/07,0
9/14/07,0
9/15/07,0
9/16/07,0
9/17/07,0
9/18/07,0
9/19/07,0
9/20/07,0
9/21/07,0
9/22/07,0
9/23/07,0
9/24/07,1
9/25/07,0
9/26/07,0
9/27/07,0
9/28/07,0
9/29/07,0
9/30/07,0
10/1/07,0
10/2/07,0
10/3/07,0
10/4/07,0
10/5/07,0
10/6/07,0
10/7/07,3
10/8/07,3
10/9/07,0
10/10/07,0
10/11/07,0
10/12/07,0
10/13/07,0
10/14/07,0
10/15/07,0
10/16/07,0
10/17/07,0
10/18/07,3
10/19/07,3
10/20/07,1
10/21/07,3
10/22/07,2
10/23/07,2
10/24/07,0
10/25/07,0
10/26/07,0
10/27/07,0
10/28/07,0
10/29/07,0
10/30/07,0
10/31/07,0
11/1/07,0
11/2/07,0
11/3/07,0
11/4/07,0
11/5/07,0
11/6/07,0
11/7/07,0
11/8/07,0
11/9/07,0
11/10/07,0
11/11/07,0
11/12/07,2
11/13/07,1
11/14/07,0
11/15/07,0
11/16/07,0
11/17/07,0
11/18/07,0
11/19/07,0
11/20/07,0
11/21/07,0
11/22/07,0
11/23/07,0
11/24/07,0
11/25/07,0
11/26/07,0
11/27/07,0
11/28/07,0
11/29/07,0
11/30/07,0
12/1/07,4
12/2/07,9
12/3/07,8
12/4/07,7
12/5/07,5
12/6/07,5
12/7/07,6
12/8/07,14
12/9/07,14
12/10/07,12
12/11/07,12
12/12/07,12
12/13/07,11
12/14/07,13
12/15/07,10
12/16/07,11
12/17/07,11
12/18/07,11
12/19/07,12
12/20/07,15
12/21/07,24
12/22/07,24
12/23/07,24
12/24/07,22
12/25/07,28
12/26/07,26
12/27/07,26
12/28/07,24
12/29/07,26
12/30/07,34
12/31/07,37
1/1/08,35
1/2/08,32
1/3/08,29
1/4/08,29
1/5/08,28
1/6/08,37
1/7/08,40
1/8/08,40
1/9/08,43
1/10/08,47
1/11/08,45
1/12/08,47
1/13/08,48
1/14/08,46
1/15/08,44
1/16/08,44
1/17/08,43
1/18/08,44
1/19/08,43
1/20/08,44
1/21/08,44
1/22/08,45
1/23/08,44
1/24/08,42
1/25/08,43
1/26/08,46
1/27/08,45
1/28/08,44
1/29/08,46
1/30/08,48
1/31/08,53
2/1/08,60
2/2/08,62
2/3/08,60
2/4/08,72
2/5/08,71
2/6/08,68
2/7/08,67
2/8/08,68
2/9/08,67
2/10/08,64
2/11/08,62
2/12/08,61
2/13/08,59
2/14/08,63
2/15/08,67
2/16/08,64
2/17/08,62
2/18/08,61
2/19/08,60
2/20/08,59
2/21/08,59
2/22/08,56
2/23/08,57
2/24/08,56
2/25/08,65
2/26/08,68
2/27/08,64
2/28/08,62
2/29/08,61
3/1/08,60
3/2/08,65
3/3/08,63
3/4/08,62
3/5/08,61
3/6/08,60
3/7/08,60
3/8/08,59
3/9/08,60
3/10/08,59
3/11/08,58
3/12/08,57
3/13/08,57
3/14/08,61
3/15/08,63
3/16/08,65
3/17/08,62
3/18/08,61
3/19/08,62
3/20/08,59
3/21/08,62
3/22/08,61
3/23/08,61
3/24/08,60
3/25/08,58
3/26/08,57
3/27/08,57
3/28/08,58
3/29/08,56
3/30/08,59
3/31/08,62
4/1/08,63
4/2/08,61
4/3/08,64
4/4/08,62
4/5/08,61
4/6/08,61
4/7/08,61
4/8/08,62
4/9/08,62
4/10/08,63
4/11/08,62
4/12/08,61
4/13/08,60
4/14/08,58
4/15/08,54
4/16/08,57
4/17/08,56
4/18/08,55
4/19/08,53
4/20/08,52
4/21/08,52
4/22/08,51
4/23/08,49
4/24/08,48
4/25/08,54
4/26/08,50
4/27/08,50
4/28/08,49
4/29/08,47
4/30/08,43
5/1/08,44
5/2/08,44
5/3/08,42
5/4/08,40
5/5/08,38
5/6/08,35
5/7/08,33
5/8/08,32
5/9/08,31
5/10/08,32
5/11/08,30
5/12/08,27
5/13/08,28
5/14/08,26
5/15/08,25
5/16/08,23
5/17/08,20
5/18/08,17
5/19/08,13
5/20/08,8
5/21/08,5
5/22/08,10
5/23/08,9
5/24/08,8
5/25/08,6
5/26/08,5
5/27/08,3
5/28/08,2
5/29/08,0
5/30/08,0
5/31/08,0
6/1/08,0
6/2/08,0
6/3/08,0
6/4/08,0
6/5/08,0
6/6/08,0
6/7/08,0
6/8/08,0
6/9/08,0
6/10/08,0
6/11/08,0
6/12/08,0
6/13/08,0
6/14/08,0
6/15/08,0
6/16/08,0
6/17/08,0
6/18/08,0
6/19/08,0
6/20/08,0
6/21/08,0
6/22/08,0
6/23/08,0
6/24/08,0
6/25/08,0
6/26/08,0
6/27/08,0
6/28/08,0
6/29/08,0
6/30/08,0
7/1/08,0
7/2/08,0
7/3/08,0
7/4/08,0
7/5/08,0
7/6/08,0
7/7/08,0
7/8/08,0
7/9/08,0
7/10/08,0
7/11/08,0
7/12/08,0
7/13/08,0
7/14/08,0
7/15/08,0
7/16/08,0
7/17/08,0
7/18/08,0
7/19/08,0
7/20/08,0
7/21/08,0
7/22/08,0
7/23/08,0
7/24/08,0
7/25/08,0
7/26/08,0
7/27/08,0
7/28/08,0
7/29/08,0
7/30/08,0
7/31/08,0
8/1/08,0
8/2/08,0
8/3/08,0
8/4/08,0
8/5/08,0
8/6/08,0
8/7/08,0
8/8/08,0
8/9/08,0
8/10/08,0
8/11/08,0
8/12/08,0
8/13/08,0
8/14/08,0
8/15/08,0
8/16/08,0
8/17/08,0
8/18/08,0
8/19/08,0
8/20/08,0
8/21/08,0
8/22/08,0
8/23/08,0
8/24/08,0
8/25/08,0
8/26/08,0
8/27/08,0
8/28/08,0
8/29/08,0
8/30/08,0
8/31/08,0
9/1/08,0
9/2/08,0
9/3/08,0
9/4/08,0
9/5/08,0
9/6/08,0
9/7/08,0
9/8/08,0
9/9/08,0
9/10/08,0
9/11/08,0
9/12/08,0
9/13/08,0
9/14/08,0
9/15/08,0
9/16/08,0
9/17/08,0
9/18/08,0
9/19/08,0
9/20/08,0
9/21/08,0
9/22/08,0
9/23/08,0
9/24/08,0
9/25/08,0
9/26/08,0
9/27/08,0
9/28/08,0
9/29/08,0
9/30/08,0
10/1/08,0
10/2/08,0
10/3/08,0
10/4/08,0
10/5/08,0
10/6/08,0
10/7/08,0
10/8/08,0
10/9/08,0
10/10/08,0
10/11/08,0
10/12/08,1
10/13/08,1
10/14/08,1
10/15/08,1
10/16/08,0
10/17/08,0
10/18/08,0
10/19/08,0
10/20/08,0
10/21/08,0
10/22/08,0
10/23/08,0
10/24/08,0
10/25/08,0
10/26/08,0
10/27/08,0
10/28/08,0
10/29/08,0
10/30/08,0
10/31/08,0
11/1/08,0
11/2/08,0
11/3/08,0
11/4/08,0
11/5/08,6
11/6/08,3
11/7/08,4
11/8/08,3
11/9/08,3
11/10/08,3
11/11/08,6
11/12/08,7
11/13/08,7
11/14/08,6
11/15/08,6
11/16/08,6
11/17/08,5
11/18/08,5
11/19/08,5
11/20/08,4
11/21/08,3
11/22/08,4
11/23/08,4
11/24/08,4
11/25/08,4
11/26/08,4
11/27/08,3
11/28/08,3
11/29/08,3
11/30/08,3
12/1/08,4
12/2/08,4
12/3/08,4
12/4/08,4
12/5/08,6
12/6/08,6
12/7/08,5
12/8/08,5
12/9/08,8
12/10/08,7
12/11/08,7
12/12/08,6
12/13/08,7
12/14/08,13
12/15/08,16
12/16/08,14
12/17/08,14
12/18/08,14
12/19/08,13
12/20/08,19
12/21/08,24
12/22/08,20
12/23/08,24
12/24/08,28
12/25/08,26
12/26/08,37
12/27/08,34
12/28/08,33
12/29/08,31
12/30/08,29
12/31/08,28
1/1/09,27
1/2/09,26
1/3/09,32
1/4/09,31
1/5/09,30
1/6/09,31
1/7/09,36
1/8/09,34
1/9/09,37
1/10/09,37
1/11/09,35
1/12/09,34
1/13/09,33
1/14/09,32
1/15/09,32
1/16/09,32
1/17/09,31
1/18/09,31
1/19/09,31
1/20/09,30
1/21/09,30
1/22/09,29
1/23/09,30
1/24/09,32
1/25/09,37
1/26/09,46
1/27/09,46
1/28/09,43
1/29/09,48
1/30/09,45
1/31/09,43
2/1/09,42
2/2/09,41
2/3/09,40
2/4/09,39
2/5/09,38
2/6/09,38
2/7/09,41
2/8/09,41
2/9/09,41
2/10/09,50
2/11/09,49
2/12/09,49
2/13/09,48
2/14/09,47
2/15/09,49
2/16/09,48
2/17/09,46
2/18/09,51
2/19/09,51
2/20/09,49
2/21/09,49
2/22/09,47
2/23/09,46
2/24/09,46
2/25/09,46
2/26/09,46
2/27/09,48
2/28/09,49
3/1/09,46
3/2/09,44
3/3/09,44
3/4/09,43
3/5/09,47
3/6/09,48
3/7/09,46
3/8/09,46
3/9/09,46
3/10/09,53
3/11/09,52
3/12/09,50
3/13/09,49
3/14/09,49
3/15/09,47
3/16/09,46
3/17/09,44
3/18/09,44
3/19/09,42
3/20/09,41
3/21/09,39
3/22/09,38
3/23/09,40
3/24/09,43
3/25/09,44
3/26/09,56
3/27/09,55
3/28/09,53
3/29/09,50
3/30/09,57
3/31/09,53
4/1/09,60
4/2/09,57
4/3/09,58
4/4/09,58
4/5/09,57
4/6/09,56
4/7/09,55
4/8/09,52
4/9/09,58
4/10/09,58
4/11/09,55
4/12/09,55
4/13/09,52
4/14/09,50
4/15/09,53
4/16/09,59
4/17/09,58
4/18/09,54
4/19/09,52
4/20/09,49
4/21/09,46
4/22/09,44
4/23/09,41
4/24/09,38
4/25/09,41
4/26/09,39
4/27/09,38
4/28/09,37
4/29/09,36
4/30/09,35
5/1/09,33
5/2/09,32
5/3/09,32
5/4/09,30
5/5/09,28
5/6/09,26
5/7/09,22
5/8/09,20
5/9/09,19
5/10/09,17
5/11/09,16
5/12/09,11
5/13/09,11
5/14/09,9
5/15/09,7
5/16/09,4
5/17/09,2
5/18/09,0
5/19/09,0
5/20/09,0
5/21/09,0
5/22/09,0
5/23/09,0
5/24/09,0
5/25/09,0
5/26/09,0
5/27/09,0
5/28/09,0
5/29/09,0
5/30/09,0
5/31/09,0
6/1/09,0
6/2/09,0
6/3/09,0
6/4/09,0
6/5/09,0
6/6/09,0
6/7/09,0
6/8/09,0
6/9/09,0
6/10/09,0
6/11/09,0
6/12/09,0
6/13/09,0
6/14/09,0
6/15/09,0
6/16/09,0
6/17/09,0
6/18/09,0
6/19/09,0
6/20/09,0
6/21/09,0
6/22/09,0
6/23/09,0
6/24/09,0
6/25/09,0
6/26/09,0
6/27/09,0
6/28/09,0
6/29/09,0
6/30/09,0
7/1/09,0
7/2/09,0
7/3/09,0
7/4/09,0
7/5/09,0
7/6/09,0
7/7/09,0
7/8/09,0
7/9/09,0
7/10/09,0
7/11/09,0
7/12/09,0
7/13/09,0
7/14/09,0
7/15/09,0
7/16/09,0
7/17/09,0
7/18/09,0
7/19/09,0
7/20/09,0
7/21/09,0
7/22/09,0
7/23/09,0
7/24/09,0
7/25/09,0
7/26/09,0
7/27/09,0
7/28/09,0
7/29/09,0
7/30/09,0
7/31/09,0
8/1/09,0
8/2/09,0
8/3/09,0
8/4/09,0
8/5/09,0
8/6/09,0
8/7/09,0
8/8/09,0
8/9/09,0
8/10/09,0
8/11/09,0
8/12/09,0
8/13/09,0
8/14/09,0
8/15/09,0
8/16/09,0
8/17/09,0
8/18/09,0
8/19/09,0
8/20/09,0
8/21/09,0
8/22/09,0
8/23/09,0
8/24/09,0
8/25/09,0
8/26/09,0
8/27/09,0
8/28/09,0
8/29/09,0
8/30/09,0
8/31/09,0
9/1/09,0
9/2/09,0
9/3/09,0
9/4/09,0
9/5/09,0
9/6/09,0
9/7/09,0
9/8/09,0
9/9/09,0
9/10/09,0
9/11/09,0
9/12/09,0
9/13/09,0
9/14/09,0
9/15/09,0
9/16/09,0
9/17/09,0
9/18/09,0
9/19/09,0
9/20/09,0
9/21/09,0
9/22/09,0
9/23/09,0
9/24/09,0
9/25/09,0
9/26/09,0
9/27/09,0
9/28/09,0
9/29/09,0
9/30/09,0
10/1/09,3
10/2/09,2
10/3/09,1
10/4/09,0
10/5/09,4
10/6/09,1
10/7/09,1
10/8/09,0
10/9/09,0
10/10/09,0
10/11/09,0
10/12/09,0
10/13/09,0
10/14/09,0
10/15/09,0
10/16/09,0
10/17/09,0
10/18/09,0
10/19/09,0
10/20/09,1
10/21/09,0
10/22/09,0
10/23/09,0
10/24/09,0
10/25/09,0
10/26/09,0
10/27/09,0
10/28/09,0
10/29/09,4
10/30/09,2
10/31/09,1
11/1/09,1
11/2/09,0
11/3/09,0
11/4/09,0
11/5/09,0
11/6/09,0
11/7/09,0
11/8/09,0
11/9/09,0
11/10/09,0
11/11/09,0
11/12/09,0
11/13/09,2
11/14/09,2
11/15/09,4
11/16/09,4
11/17/09,4
11/18/09,3
11/19/09,3
11/20/09,3
11/21/09,2
11/22/09,3
11/23/09,9
11/24/09,6
11/25/09,6
11/26/09,5
11/27/09,5
11/28/09,4
11/29/09,4
11/30/09,5
12/1/09,5
12/2/09,4
12/3/09,5
12/4/09,4
12/5/09,4
12/6/09,7
12/7/09,7
12/8/09,8
12/9/09,9
12/10/09,9
12/11/09,9
12/12/09,9
12/13/09,11
12/14/09,24
12/15/09,22
12/16/09,21
12/17/09,19
12/18/09,18
12/19/09,18
12/20/09,17
12/21/09,17
12/22/09,17
12/23/09,18
12/24/09,18
12/25/09,18
12/26/09,18
12/27/09,17
12/28/09,18
12/29/09,17
12/30/09,17
12/31/09,23
1/1/10,23
1/2/10,23
1/3/10,24
1/4/10,23
1/5/10,22
1/6/10,21
1/7/10,23
1/8/10,23
1/9/10,22
1/10/10,22
1/11/10,22
1/12/10,22
1/13/10,21
1/14/10,21
1/15/10,21
1/16/10,21
1/17/10,21
1/18/10,20
1/19/10,22
1/20/10,25
1/21/10,25
1/22/10,24
1/23/10,28
1/24/10,34
1/25/10,35
1/26/10,34
1/27/10,32
1/28/10,31
1/29/10,30
1/30/10,30
1/31/10,28
2/1/10,31
2/2/10,31
2/3/10,31
2/4/10,30
2/5/10,30
2/6/10,30
2/7/10,32
2/8/10,31
2/9/10,31
2/10/10,31
2/11/10,30
2/12/10,32
2/13/10,33
2/14/10,35
2/15/10,35
2/16/10,36
2/17/10,35
2/18/10,35
2/19/10,33
2/20/10,33
2/21/10,35
2/22/10,36
2/23/10,35
2/24/10,35
2/25/10,35
2/26/10,35
2/27/10,36
2/28/10,35
3/1/10,34
3/2/10,33
3/3/10,34
3/4/10,33
3/5/10,32
3/6/10,33
3/7/10,33
3/8/10,32
3/9/10,32
3/10/10,32
3/11/10,31
3/12/10,32
3/13/10,32
3/14/10,30
3/15/10,31
3/16/10,30
3/17/10,31
3/18/10,30
3/19/10,30
3/20/10,31
3/21/10,29
3/22/10,28
3/23/10,32
3/24/10,31
3/25/10,31
3/26/10,30
3/27/10,31
3/28/10,30
3/29/10,30
3/30/10,29
3/31/10,30
4/1/10,35
4/2/10,36
4/3/10,38
4/4/10,41
4/5/10,41
4/6/10,50
4/7/10,48
4/8/10,47
4/9/10,43
4/10/10,42
4/11/10,41
4/12/10,40
4/13/10,36
4/14/10,42
4/15/10,40
4/16/10,38
4/17/10,37
4/18/10,34
4/19/10,33
4/20/10,30
4/21/10,27
4/22/10,23
4/23/10,
4/24/10,
4/25/10,
4/26/10,
4/27/10,
4/28/10,
4/29/10,
4/30/10,
5/1/10,
5/2/10,
5/3/10,
5/4/10,
5/5/10,
5/6/10,
5/7/10,
5/8/10,
5/9/10,
5/10/10,
5/11/10,10
5/12/10,15
5/13/10,16
5/14/10,13
5/15/10,10
5/16/10,10
5/17/10,7
5/18/10,3
5/19/10,
5/20/10,
5/21/10,
5/22/10,
5/23/10,
5/24/10,3
5/25/10,3
5/26/10,2
5/27/10,1
5/28/10,1
5/29/10,0
5/30/10,0
5/31/10,0
6/1/10,0
6/2/10,0
6/3/10,0
6/4/10,0
6/5/10,0
6/6/10,0
6/7/10,0
6/8/10,0
6/9/10,0
6/10/10,0
6/11/10,0
6/12/10,0
6/13/10,0
6/14/10,0
6/15/10,0
6/16/10,0
6/17/10,0
6/18/10,0
6/19/10,0
6/20/10,0
6/21/10,0
6/22/10,0
6/23/10,0
6/24/10,0
6/25/10,0
6/26/10,0
6/27/10,0
6/28/10,0
6/29/10,0
6/30/10,0
7/1/10,0
7/2/10,0
7/3/10,0
7/4/10,0
7/5/10,0
7/6/10,0
7/7/10,0
7/8/10,0
7/9/10,0
7/10/10,0
7/11/10,0
7/12/10,0
7/13/10,0
7/14/10,0
7/15/10,0
7/16/10,0
7/17/10,0
7/18/10,0
7/19/10,0
7/20/10,0
7/21/10,0
7/22/10,0
7/23/10,0
7/24/10,0
7/25/10,0
7/26/10,0
7/27/10,0
7/28/10,0
7/29/10,0
7/30/10,0
7/31/10,0
8/1/10,0
8/2/10,0
8/3/10,0
8/4/10,0
8/5/10,0
8/6/10,0
8/7/10,0
8/8/10,0
8/9/10,0
8/10/10,0
8/11/10,0
8/12/10,0
8/13/10,0
8/14/10,0
8/15/10,0
8/16/10,0
8/17/10,0
8/18/10,0
8/19/10,0
8/20/10,0
8/21/10,0
8/22/10,0
8/23/10,0
8/24/10,0
8/25/10,0
8/26/10,0
8/27/10,0
8/28/10,0
8/29/10,0
8/30/10,0
8/31/10,0
9/1/10,0
9/2/10,0
9/3/10,0
9/4/10,0
9/5/10,0
9/6/10,0
9/7/10,0
9/8/10,0
9/9/10,0
9/10/10,0
9/11/10,0
9/12/10,0
9/13/10,0
9/14/10,0
9/15/10,0
9/16/10,0
9/17/10,0
9/18/10,0
9/19/10,0
9/20/10,0
9/21/10,0
9/22/10,0
9/23/10,0
9/24/10,0
9/25/10,0
9/26/10,0
9/27/10,0
9/28/10,0
9/29/10,0
9/30/10,0
10/1/10,0
10/2/10,0
10/3/10,0
10/4/10,0
10/5/10,0
10/6/10,0
10/7/10,0
10/8/10,0
10/9/10,0
10/10/10,0
10/11/10,0
10/12/10,0
10/13/10,0
10/14/10,0
10/15/10,0
10/16/10,0
10/17/10,0
10/18/10,0
10/19/10,0
10/20/10,0
10/21/10,0
10/22/10,0
10/23/10,0
10/24/10,0
10/25/10,1
10/26/10,3
10/27/10,6
10/28/10,5
10/29/10,2
10/30/10,0
10/31/10,2
11/1/10,2
11/2/10,2
11/3/10,0
11/4/10,0
11/5/10,0
11/6/10,0
11/7/10,0
11/8/10,0
11/9/10,1
11/10/10,1
11/11/10,2
11/12/10,1
11/13/10,1
11/14/10,1
11/15/10,4
11/16/10,5
11/17/10,7
11/18/10,6
11/19/10,5
11/20/10,5
11/21/10,17
11/22/10,22
11/23/10,28
11/24/10,31
11/25/10,27
11/26/10,25
11/27/10,23
11/28/10,21
11/29/10,27
11/30/10,25
12/1/10,24
12/2/10,23
12/3/10,21
12/4/10,22
12/5/10,23
12/6/10,22
12/7/10,28
12/8/10,26
12/9/10,25
12/10/10,24
12/11/10,29
12/12/10,28
12/13/10,27
12/14/10,26
12/15/10,33
12/16/10,35
12/17/10,32
12/18/10,32
12/19/10,38
12/20/10,51
12/21/10,50
12/22/10,49
12/23/10,53
12/24/10,52
12/25/10,50
12/26/10,48
12/27/10,48
12/28/10,47
12/29/10,46
12/30/10,64
12/31/10,61
1/1/11,60
1/2/11,58
1/3/11,55
1/4/11,54
1/5/11,53
1/6/11,52
1/7/11,51
1/8/11,50
1/9/11,50
1/10/11,50
1/11/11,51
1/12/11,50
1/13/11,49
1/14/11,50
1/15/11,50
1/16/11,50
1/17/11,52
1/18/11,50
1/19/11,52
1/20/11,57
1/21/11,55
1/22/11,55
1/23/11,55
1/24/11,54
1/25/11,54
1/26/11,53
1/27/11,52
1/28/11,52
1/29/11,52
1/30/11,51
1/31/11,53
2/1/11,54
2/2/11,53
2/3/11,52
2/4/11,51
2/5/11,51
2/6/11,51
2/7/11,51
2/8/11,56
2/9/11,56
2/10/11,56
2/11/11,55
2/12/11,54
2/13/11,53
2/14/11,53
2/15/11,52
2/16/11,52
2/17/11,54
2/18/11,54
2/19/11,54
2/20/11,60
2/21/11,65
2/22/11,64
2/23/11,67
2/24/11,64
2/25/11,65
2/26/11,74
2/27/11,71
2/28/11,69
3/1/11,67
3/2/11,65
3/3/11,64
3/4/11,75
3/5/11,74
3/6/11,73
3/7/11,75
3/8/11,78
3/9/11,75
3/10/11,74
3/11/11,71
3/12/11,70
3/13/11,70
3/14/11,68
3/15/11,69
3/16/11,68
3/17/11,76
3/18/11,73
3/19/11,72
3/20/11,72
3/21/11,72
3/22/11,76
3/23/11,78
3/24/11,76
3/25/11,76
3/26/11,77
3/27/11,76
3/28/11,81
3/29/11,87
3/30/11,83
3/31/11,83
4/1/11,78
4/2/11,75
4/3/11,79
4/4/11,77
4/5/11,75
4/6/11,78
4/7/11,75
4/8/11,80
4/9/11,83
4/10/11,84
4/11/11,83
4/12/11,79
4/13/11,79
4/14/11,79
4/15/11,78
4/16/11,76
4/17/11,75
4/18/11,75
4/19/11,79
4/20/11,77
4/21/11,77
4/22/11,77
4/23/11,76
4/24/11,76
4/25/11,75
4/26/11,81
4/27/11,81
4/28/11,78
4/29/11,78
4/30/11,78
5/1/11,77
5/2/11,77
5/3/11,75
5/4/11,75
5/5/11,74
5/6/11,71
5/7/11,70
5/8/11,67
5/9/11,68
5/10/11,69
5/11/11,68
5/12/11,66
5/13/11,63
5/14/11,60
5/15/11,59
5/16/11,56
5/17/11,56
5/18/11,56
5/19/11,59
5/20/11,60
5/21/11,59
5/22/11,56
5/23/11,54
5/24/11,53
5/25/11,54
5/26/11,51
5/27/11,50
5/28/11,48
5/29/11,49
5/30/11,50
5/31/11,56
6/1/11,51
6/2/11,49
6/3/11,47
6/4/11,44
6/5/11,42
6/6/11,38
6/7/11,36
6/8/11,35
6/9/11,31
6/10/11,28
6/11/11,25
6/12/11,22
6/13/11,20
6/14/11,17
6/15/11,13
6/16/11,9
6/17/11,6
6/18/11,2
6/19/11,0
6/20/11,0
6/21/11,0
6/22/11,0
6/23/11,0
6/24/11,0
6/25/11,0
6/26/11,0
6/27/11,0
6/28/11,0
6/29/11,0
6/30/11,0
7/1/11,0
7/2/11,0
7/3/11,0
7/4/11,0
7/5/11,0
7/6/11,0
7/7/11,0
7/8/11,0
7/9/11,0
7/10/11,0
7/11/11,0
7/12/11,0
7/13/11,0
7/14/11,0
7/15/11,0
7/16/11,0
7/17/11,0
7/18/11,0
7/19/11,0
7/20/11,0
7/21/11,0
7/22/11,0
7/23/11,0
7/24/11,0
7/25/11,0
7/26/11,0
7/27/11,0
7/28/11,0
7/29/11,0
7/30/11,0
7/31/11,0
8/1/11,0
8/2/11,0
8/3/11,0
8/4/11,0
8/5/11,0
8/6/11,0
8/7/11,0
8/8/11,0
8/9/11,0
8/10/11,0
8/11/11,0
8/12/11,0
8/13/11,0
8/14/11,0
8/15/11,0
8/16/11,0
8/17/11,0
8/18/11,0
8/19/11,0
8/20/11,0
8/21/11,0
8/22/11,0
8/23/11,0
8/24/11,0
8/25/11,0
8/26/11,0
8/27/11,0
8/28/11,0
8/29/11,0
8/30/11,0
8/31/11,0
9/1/11,0
9/2/11,0
9/3/11,0
9/4/11,0
9/5/11,0
9/6/11,0
9/7/11,0
9/8/11,0
9/9/11,0
9/10/11,0
9/11/11,0
9/12/11,0
9/13/11,0
9/14/11,0
9/15/11,0
9/16/11,0
9/17/11,0
9/18/11,0
9/19/11,0
9/20/11,0
9/21/11,0
9/22/11,0
9/23/11,0
9/24/11,0
9/25/11,0
9/26/11,0
9/27/11,0
9/28/11,0
9/29/11,0
9/30/11,0
10/1/11,0
10/2/11,0
10/3/11,0
10/4/11,0
10/5/11,0
10/6/11,0
10/7/11,0
10/8/11,0
10/9/11,0
10/10/11,0
10/11/11,0
10/12/11,0
10/13/11,0
10/14/11,0
10/15/11,0
10/16/11,0
10/17/11,0
10/18/11,0
10/19/11,0
10/20/11,0
10/21/11,0
10/22/11,0
10/23/11,0
10/24/11,0
10/25/11,0
10/26/11,0
10/27/11,0
10/28/11,0
10/29/11,0
10/30/11,0
10/31/11,0
11/1/11,0
11/2/11,2
11/3/11,1
11/4/11,1
11/5/11,2
11/6/11,4
11/7/11,3
11/8/11,3
11/9/11,3
11/10/11,3
11/11/11,3
11/12/11,2
11/13/11,14
11/14/11,18
11/15/11,16
11/16/11,15
11/17/11,14
11/18/11,12
11/19/11,22
11/20/11,20
11/21/11,18
11/22/11,18
11/23/11,18
11/24/11,17
11/25/11,16
11/26/11,17
11/27/11,16
11/28/11,16
11/29/11,15
11/30/11,15
12/1/11,15
12/2/11,19
12/3/11,20
12/4/11,22
12/5/11,24
12/6/11,22
12/7/11,21
12/8/11,19
12/9/11,20
12/10/11,20
12/11/11,20
12/12/11,19
12/13/11,20
12/14/11,20
12/15/11,20
12/16/11,21
12/17/11,20
12/18/11,20
12/19/11,21
12/20/11,19
12/21/11,19
12/22/11,23
12/23/11,24
12/24/11,23
12/25/11,22
12/26/11,22
12/27/11,22
12/28/11,22
12/29/11,21
12/30/11,24
12/31/11,23
1/1/12,23
1/2/12,23
1/3/12,22
1/4/12,23
1/5/12,22
1/6/12,22
1/7/12,22
1/8/12,24
1/9/12,24
1/10/12,23
1/11/12,24
1/12/12,24
1/13/12,24
1/14/12,23
1/15/12,23
1/16/12,23
1/17/12,25
1/18/12,24
1/19/12,31
1/20/12,42
1/21/12,42
1/22/12,50
1/23/12,48
1/24/12,48
1/25/12,47
1/26/12,45
1/27/12,48
1/28/12,44
1/29/12,45
1/30/12,44
1/31/12,45
2/1/12,43
2/2/12,41
2/3/12,42
2/4/12,45
2/5/12,44
2/6/12,44
2/7/12,42
2/8/12,42
2/9/12,43
2/10/12,43
2/11/12,43
2/12/12,42
2/13/12,42
2/14/12,42
2/15/12,43
2/16/12,43
2/17/12,42
2/18/12,42
2/19/12,43
2/20/12,43
2/21/12,44
2/22/12,44
2/23/12,44
2/24/12,44
2/25/12,44
2/26/12,44
2/27/12,43
2/28/12,43
2/29/12,47
3/1/12,54
3/2/12,58
3/3/12,56
3/4/12,56
3/5/12,52
3/6/12,49
3/7/12,52
3/8/12,50
3/9/12,50
3/10/12,48
3/11/12,47
3/12/12,46
3/13/12,44
3/14/12,43
3/15/12,42
3/16/12,40
3/17/12,40
3/18/12,38
3/19/12,45
3/20/12,44
3/21/12,43
3/22/12,41
3/23/12,39
3/24/12,38
3/25/12,36
3/26/12,35
3/27/12,35
3/28/12,35
3/29/12,34
3/30/12,34
3/31/12,32
4/1/12,29
4/2/12,30
4/3/12,29
4/4/12,28
4/5/12,26
4/6/12,24
4/7/12,26
4/8/12,25
4/9/12,21
4/10/12,21
4/11/12,20
4/12/12,22
4/13/12,27
4/14/12,25
4/15/12,24
4/16/12,24
4/17/12,22
4/18/12,21
4/19/12,23
4/20/12,23
4/21/12,20
4/22/12,17
4/23/12,14
4/24/12,10
4/25/12,4
4/26/12,2
4/27/12,1
4/28/12,1
4/29/12,1
4/30/12,1
5/1/12,0
5/2/12,0
5/3/12,0
5/4/12,0
5/5/12,0
5/6/12,0
5/7/12,0
5/8/12,0
5/9/12,0
5/10/12,0
5/11/12,0
5/12/12,0
5/13/12,0
5/14/12,0
5/15/12,0
5/16/12,0
5/17/12,0
5/18/12,0
5/19/12,0
5/20/12,0
5/21/12,0
5/22/12,0
5/23/12,0
5/24/12,0
5/25/12,0
5/26/12,0
5/27/12,0
5/28/12,2
5/29/12,1
5/30/12,0
5/31/12,0
6/1/12,0
6/2/12,0
6/3/12,0
6/4/12,0
6/5/12,0
6/6/12,0
6/7/12,0
6/8/12,0
6/9/12,0
6/10/12,0
6/11/12,0
6/12/12,0
6/13/12,0
6/14/12,0
6/15/12,0
6/16/12,0
6/17/12,0
6/18/12,0
6/19/12,0
6/20/12,0
6/21/12,0
6/22/12,0
6/23/12,0
6/24/12,0
6/25/12,0
6/26/12,0
6/27/12,0
6/28/12,0
6/29/12,0
6/30/12,0
7/1/12,0
7/2/12,0
7/3/12,0
7/4/12,0
7/5/12,0
7/6/12,0
7/7/12,0
7/8/12,0
7/9/12,0
7/10/12,0
7/11/12,0
7/12/12,0
7/13/12,0
7/14/12,0
7/15/12,0
7/16/12,0
7/17/12,0
7/18/12,0
7/19/12,0
7/20/12,0
7/21/12,0
7/22/12,0
7/23/12,0
7/24/12,0
7/25/12,0
7/26/12,0
7/27/12,0
7/28/12,0
7/29/12,0
7/30/12,0
7/31/12,0
8/1/12,0
8/2/12,0
8/3/12,0
8/4/12,0
8/5/12,0
8/6/12,0
8/7/12,0
8/8/12,0
8/9/12,0
8/10/12,0
8/11/12,0
8/12/12,0
8/13/12,0
8/14/12,0
8/15/12,0
8/16/12,0
8/17/12,0
8/18/12,0
8/19/12,0
8/20/12,0
8/21/12,0
8/22/12,0
8/23/12,0
8/24/12,0
8/25/12,0
8/26/12,0
8/27/12,0
8/28/12,0
8/29/12,0
8/30/12,0
8/31/12,0
9/1/12,0
9/2/12,0
9/3/12,0
9/4/12,0
9/5/12,0
9/6/12,0
9/7/12,0
9/8/12,0
9/9/12,0
9/10/12,0
9/11/12,0
9/12/12,0
9/13/12,0
9/14/12,0
9/15/12,0
9/16/12,0
9/17/12,0
9/18/12,0
9/19/12,0
9/20/12,0
9/21/12,0
9/22/12,0
9/23/12,0
9/24/12,0
9/25/12,0
9/26/12,0
9/27/12,0
9/28/12,0
9/29/12,0
9/30/12,0
10/1/12,0
10/2/12,0
10/3/12,0
10/4/12,0
10/5/12,0
10/6/12,0
10/7/12,0
10/8/12,0
10/9/12,0
10/10/12,0
10/11/12,0
10/12/12,0
10/13/12,0
10/14/12,0
10/15/12,0
10/16/12,0
10/17/12,0
10/18/12,0
10/19/12,0
10/20/12,0
10/21/12,0
10/22/12,0
10/23/12,5
10/24/12,15
10/25/12,14
10/26/12,17
10/27/12,15
10/28/12,12
10/29/12,9
10/30/12,7
10/31/12,5
11/1/12,5
11/2/12,5
11/3/12,5
11/4/12,3
11/5/12,2
11/6/12,2
11/7/12,1
11/8/12,1
11/9/12,1
11/10/12,6
11/11/12,9
11/12/12,9
11/13/12,7
11/14/12,6
11/15/12,5
11/16/12,4
11/17/12,5
11/18/12,3
11/19/12,9
11/20/12,8
11/21/12,7
11/22/12,7
11/23/12,8
11/24/12,7
11/25/12,7
11/26/12,6
11/27/12,7
11/28/12,7
11/29/12,6
11/30/12,6
12/1/12,9
12/2/12,9
12/3/12,11
12/4/12,11
12/5/12,11
12/6/12,14
12/7/12,14
12/8/12,14
12/9/12,19
12/10/12,18
12/11/12,18
12/12/12,18
12/13/12,17
12/14/12,19
12/15/12,19
12/16/12,21
12/17/12,23
12/18/12,28
12/19/12,26
12/20/12,26
12/21/12,25
12/22/12,24
12/23/12,24
12/24/12,24
12/25/12,27
12/26/12,28
12/27/12,31
12/28/12,31
12/29/12,33
12/30/12,30
12/31/12,29
1/1/13,30
1/2/13,28
1/3/13,27
1/4/13,27
1/5/13,27
1/6/13,27
1/7/13,27
1/8/13,26
1/9/13,26
1/10/13,26
1/11/13,29
1/12/13,31
1/13/13,31
1/14/13,31
1/15/13,29
1/16/13,29
1/17/13,28
1/18/13,29
1/19/13,28
1/20/13,28
1/21/13,28
1/22/13,27
1/23/13,27
1/24/13,26
1/25/13,28
1/26/13,29
1/27/13,28
1/28/13,35
1/29/13,37
1/30/13,41
1/31/13,40
2/1/13,39
2/2/13,38
2/3/13,37
2/4/13,35
2/5/13,35
2/6/13,34
2/7/13,35
2/8/13,34
2/9/13,33
2/10/13,37
2/11/13,38
2/12/13,37
2/13/13,36
2/14/13,36
2/15/13,36
2/16/13,36
2/17/13,35
2/18/13,34
2/19/13,35
2/20/13,34
2/21/13,36
2/22/13,39
2/23/13,40
2/24/13,45
2/25/13,42
2/26/13,40
2/27/13,39
2/28/13,39
3/1/13,38
3/2/13,38
3/3/13,36
3/4/13,40
3/5/13,40
3/6/13,39
3/7/13,38
3/8/13,39
3/9/13,36
3/10/13,39
3/11/13,38
3/12/13,37
3/13/13,36
3/14/13,35
3/15/13,33
3/16/13,32
3/17/13,31
3/18/13,34
3/19/13,33
3/20/13,32
3/21/13,35
3/22/13,36
3/23/13,38
3/24/13,37
3/25/13,37
3/26/13,36
3/27/13,35
3/28/13,33
3/29/13,30
3/30/13,30
3/31/13,29
4/1/13,25
4/2/13,26
4/3/13,26
4/4/13,24
4/5/13,18
4/6/13,23
4/7/13,22
4/8/13,22
4/9/13,29
4/10/13,36
4/11/13,31
4/12/13,30
4/13/13,28
4/14/13,30
4/15/13,28
4/16/13,30
4/17/13,30
4/18/13,31
4/19/13,29
4/20/13,35
4/21/13,34
4/22/13,31
4/23/13,31
4/24/13,30
4/25/13,29
4/26/13,27
4/27/13,25
4/28/13,23
4/29/13,21
4/30/13,17
5/1/13,16
5/2/13,14
5/3/13,13
5/4/13,12
5/5/13,11
5/6/13,9
5/7/13,8
5/8/13,7
5/9/13,5
5/10/13,3
5/11/13,1
5/12/13,0
5/13/13,0
5/14/13,0
5/15/13,0
5/16/13,0
5/17/13,0
5/18/13,0
5/19/13,0
5/20/13,0
5/21/13,0
5/22/13,0
5/23/13,0
5/24/13,0
5/25/13,0
5/26/13,0
5/27/13,0
5/28/13,0
5/29/13,0
5/30/13,0
5/31/13,0
6/1/13,0
6/2/13,0
6/3/13,0
6/4/13,0
6/5/13,0
6/6/13,0
6/7/13,0
6/8/13,0
6/9/13,0
6/10/13,0
6/11/13,0
6/12/13,0
6/13/13,0
6/14/13,0
6/15/13,0
6/16/13,0
6/17/13,0
6/18/13,0
6/19/13,0
6/20/13,0
6/21/13,0
6/22/13,0
6/23/13,0
6/24/13,0
6/25/13,0
6/26/13,0
6/27/13,0
6/28/13,0
6/29/13,0
6/30/13,0
7/1/13,0
7/2/13,0
7/3/13,0
7/4/13,0
7/5/13,0
7/6/13,0
7/7/13,0
7/8/13,0
7/9/13,0
7/10/13,0
7/11/13,0
7/12/13,0
7/13/13,0
7/14/13,0
7/15/13,0
7/16/13,0
7/17/13,0
7/18/13,0
7/19/13,0
7/20/13,0
7/21/13,0
7/22/13,0
7/23/13,0
7/24/13,0
7/25/13,0
7/26/13,0
7/27/13,0
7/28/13,0
7/29/13,0
7/30/13,0
7/31/13,0
8/1/13,0
8/2/13,0
8/3/13,0
8/4/13,0
8/5/13,0
8/6/13,0
8/7/13,0
8/8/13,0
8/9/13,0
8/10/13,0
8/11/13,0
8/12/13,0
8/13/13,0
8/14/13,0
8/15/13,0
8/16/13,0
8/17/13,0
8/18/13,0
8/19/13,0
8/20/13,0
8/21/13,0
8/22/13,0
8/23/13,0
8/24/13,0
8/25/13,0
8/26/13,0
8/27/13,0
8/28/13,0
8/29/13,0
8/30/13,0
8/31/13,0
9/1/13,0
9/2/13,0
9/3/13,0
9/4/13,0
9/5/13,0
9/6/13,0
9/7/13,0
9/8/13,0
9/9/13,0
9/10/13,0
9/11/13,0
9/12/13,0
9/13/13,0
9/14/13,0
9/15/13,0
9/16/13,0
9/17/13,0
9/18/13,0
9/19/13,0
9/20/13,0
9/21/13,0
9/22/13,0
9/23/13,0
9/24/13,0
9/25/13,0
9/26/13,1
9/27/13,1
9/28/13,0
9/29/13,0
9/30/13,0
10/1/13,0
10/2/13,0
10/3/13,0
10/4/13,0
10/5/13,0
10/6/13,0
10/7/13,0
10/8/13,0
10/9/13,0
10/10/13,0
10/11/13,0
10/12/13,0
10/13/13,0
10/14/13,0
10/15/13,0
10/16/13,0
10/17/13,0
10/18/13,0
10/19/13,0
10/20/13,0
10/21/13,0
10/22/13,0
10/23/13,0
10/24/13,0
10/25/13,0
10/26/13,0
10/27/13,0
10/28/13,0
10/29/13,4
10/30/13,4
10/31/13,6
11/1/13,5
11/2/13,4
11/3/13,5
11/4/13,6
11/5/13,6
11/6/13,6
11/7/13,5
11/8/13,5
11/9/13,5
11/10/13,5
11/11/13,4
11/12/13,3
11/13/13,2
11/14/13,2
11/15/13,2
11/16/13,2
11/17/13,10
11/18/13,10
11/19/13,8
11/20/13,6
11/21/13,9
11/22/13,8
11/23/13,8
11/24/13,9
11/25/13,9
11/26/13,9
11/27/13,9
11/28/13,8
11/29/13,8
11/30/13,8
12/1/13,8
12/2/13,7
12/3/13,15
12/4/13,21
12/5/13,20
12/6/13,20
12/7/13,18
12/8/13,19
12/9/13,19
12/10/13,19
12/11/13,19
12/12/13,19
12/13/13,18
12/14/13,18
12/15/13,17
12/16/13,17
12/17/13,17
12/18/13,17
12/19/13,16
12/20/13,25
12/21/13,26
12/22/13,27
12/23/13,30
12/24/13,27
12/25/13,27
12/26/13,27
12/27/13,26
12/28/13,25
12/29/13,26
12/30/13,25
12/31/13,24
1/1/14,23
1/2/14,24
1/3/14,23
1/4/14,24
1/5/14,25
1/6/14,25
1/7/14,24
1/8/14,24
1/9/14,25
1/10/14,32
1/11/14,30
1/12/14,32
1/13/14,34
1/14/14,33
1/15/14,32
1/16/14,31
1/17/14,31
1/18/14,30
1/19/14,30
1/20/14,29
1/21/14,30
1/22/14,29
1/23/14,29
1/24/14,30
1/25/14,30
1/26/14,29
1/27/14,29
1/28/14,30
1/29/14,29
1/30/14,36
1/31/14,37
2/1/14,33
2/2/14,38
2/3/14,36
2/4/14,39
2/5/14,39
2/6/14,40
2/7/14,40
2/8/14,53
2/9/14,66
2/10/14,64
2/11/14,61
2/12/14,60
2/13/14,60
2/14/14,62
2/15/14,63
2/16/14,60
2/17/14,60
2/18/14,59
2/19/14,57
2/20/14,59
2/21/14,59
2/22/14,55
2/23/14,55
2/24/14,53
2/25/14,53
2/26/14,52
2/27/14,50
2/28/14,57
3/1/14,60
3/2/14,68
3/3/14,66
3/4/14,64
3/5/14,68
3/6/14,62
3/7/14,62
3/8/14,63
3/9/14,63
3/10/14,62
3/11/14,64
3/12/14,65
3/13/14,64
3/14/14,63
3/15/14,62
3/16/14,61
3/17/14,60
3/18/14,63
3/19/14,62
3/20/14,61
3/21/14,60
3/22/14,60
3/23/14,59
3/24/14,58
3/25/14,57
3/26/14,55
3/27/14,56
3/28/14,63
3/29/14,61
3/30/14,59
3/31/14,69
4/1/14,67
4/2/14,68
4/3/14,68
4/4/14,66
4/5/14,66
4/6/14,64
4/7/14,66
4/8/14,64
4/9/14,60
4/10/14,59
4/11/14,58
4/12/14,54
4/13/14,54
4/14/14,54
4/15/14,52
4/16/14,51
4/17/14,50
4/18/14,47
4/19/14,45
4/20/14,44
4/21/14,41
4/22/14,38
4/23/14,38
4/24/14,39
4/25/14,36
4/26/14,38
4/27/14,38
4/28/14,39
4/29/14,39
4/30/14,39
5/1/14,38
5/2/14,36
5/3/14,33
5/4/14,28
5/5/14,27
5/6/14,24
5/7/14,24
5/8/14,24
5/9/14,24
5/10/14,27
5/11/14,25
5/12/14,28
5/13/14,26
5/14/14,25
5/15/14,23
5/16/14,20
5/17/14,18
5/18/14,15
5/19/14,12
5/20/14,8
5/21/14,5
5/22/14,3
5/23/14,2
5/24/14,0
5/25/14,0
5/26/14,0
5/27/14,0
5/28/14,0
5/29/14,0
5/30/14,0
5/31/14,0
6/1/14,0
6/2/14,0
6/3/14,0
6/4/14,0
6/5/14,0
6/6/14,0
6/7/14,0
6/8/14,0
6/9/14,0
6/10/14,0
6/11/14,0
6/12/14,0
6/13/14,0
6/14/14,0
6/15/14,0
6/16/14,0
6/17/14,0
6/18/14,0
6/19/14,0
6/20/14,0
6/21/14,0
6/22/14,0
6/23/14,0
6/24/14,0
6/25/14,0
6/26/14,0
6/27/14,0
6/28/14,0
6/29/14,0
6/30/14,0
7/1/14,0
7/2/14,0
7/3/14,0
7/4/14,0
7/5/14,0
7/6/14,0
7/7/14,0
7/8/14,0
7/9/14,0
7/10/14,0
7/11/14,0
7/12/14,0
7/13/14,0
7/14/14,0
7/15/14,0
7/16/14,0
7/17/14,0
7/18/14,0
7/19/14,0
7/20/14,0
7/21/14,0
7/22/14,0
7/23/14,0
7/24/14,0
7/25/14,0
7/26/14,0
7/27/14,0
7/28/14,0
7/29/14,0
7/30/14,0
7/31/14,0
8/1/14,0
8/2/14,0
8/3/14,0
8/4/14,0
8/5/14,0
8/6/14,0
8/7/14,0
8/8/14,0
8/9/14,0
8/10/14,0
8/11/14,0
8/12/14,0
8/13/14,0
8/14/14,0
8/15/14,0
8/16/14,0
8/17/14,0
8/18/14,0
8/19/14,0
8/20/14,0
8/21/14,0
8/22/14,0
8/23/14,0
8/24/14,0
8/25/14,0
8/26/14,0
8/27/14,0
8/28/14,0
8/29/14,0
8/30/14,0
8/31/14,0
9/1/14,0
9/2/14,0
9/3/14,0
9/4/14,0
9/5/14,0
9/6/14,0
9/7/14,0
9/8/14,0
9/9/14,0
9/10/14,0
9/11/14,0
9/12/14,0
9/13/14,0
9/14/14,0
9/15/14,0
9/16/14,0
9/17/14,0
9/18/14,0
9/19/14,0
9/20/14,0
9/21/14,0
9/22/14,0
9/23/14,0
9/24/14,0
9/25/14,0
9/26/14,0
9/27/14,0
9/28/14,0
9/29/14,0
9/30/14,0
10/1/14,0
10/2/14,0
10/3/14,0
10/4/14,0
10/5/14,0
10/6/14,0
10/7/14,0
10/8/14,0
10/9/14,0
10/10/14,0
10/11/14,0
10/12/14,0
10/13/14,0
10/14/14,0
10/15/14,0
10/16/14,0
10/17/14,0
10/18/14,0
10/19/14,0
10/20/14,0
10/21/14,0
10/22/14,0
10/23/14,0
10/24/14,0
10/25/14,0
10/26/14,0
10/27/14,0
10/28/14,0
10/29/14,0
10/30/14,0
10/31/14,0
11/1/14,0
11/2/14,0
11/3/14,0
11/4/14,0
11/5/14,0
11/6/14,0
11/7/14,0
11/8/14,0
11/9/14,0
11/10/14,0
11/11/14,0
11/12/14,0
11/13/14,1
11/14/14,3
11/15/14,7
11/16/14,7
11/17/14,8
11/18/14,8
11/19/14,8
11/20/14,9
11/21/14,9
11/22/14,9
11/23/14,14
11/24/14,17
11/25/14,18
11/26/14,17
11/27/14,16
11/28/14,16
11/29/14,15
11/30/14,15
12/1/14,20
12/2/14,18
12/3/14,18
12/4/14,18
12/5/14,17
12/6/14,16
12/7/14,16
12/8/14,16
12/9/14,15
12/10/14,16
12/11/14,15
12/12/14,15
12/13/14,14
12/14/14,16
12/15/14,16
12/16/14,17
12/17/14,17
12/18/14,17
12/19/14,17
12/20/14,17
12/21/14,19
12/22/14,29
12/23/14,31
12/24/14,31
12/25/14,32
12/26/14,34
12/27/14,34
12/28/14,34
12/29/14,
12/30/14,37
12/31/14,33
1/1/15,31
1/2/15,31
1/3/15,30
1/4/15,30
1/5/15,29
1/6/15,29
1/7/15,29
1/8/15,28
1/9/15,28
1/10/15,28
1/11/15,28
1/12/15,29
1/13/15,34
1/14/15,34
1/15/15,34
1/16/15,33
1/17/15,32
1/18/15,32
1/19/15,32
1/20/15,33
1/21/15,32
1/22/15,32
1/23/15,32
1/24/15,32
1/25/15,32
1/26/15,31
1/27/15,30
1/28/15,32
1/29/15,35
1/30/15,34
1/31/15,34
2/1/15,34
2/2/15,34
2/3/15,34
2/4/15,34
2/5/15,37
2/6/15,36
2/7/15,36
2/8/15,36
2/9/15,35
2/10/15,34
2/11/15,37
2/12/15,36
2/13/15,36
2/14/15,36
2/15/15,35
2/16/15,35
2/17/15,35
2/18/15,35
2/19/15,34
2/20/15,34
2/21/15,34
2/22/15,37
2/23/15,36
2/24/15,36
2/25/15,36
2/26/15,36
2/27/15,36
2/28/15,34
3/1/15,37
3/2/15,37
3/3/15,39
3/4/15,46
3/5/15,44
3/6/15,43
3/7/15,42
3/8/15,40
3/9/15,39
3/10/15,38
3/11/15,37
3/12/15,36
3/13/15,36
3/14/15,34
3/15/15,33
3/16/15,31
3/17/15,29
3/18/15,27
3/19/15,26
3/20/15,25
3/21/15,23
3/22/15,22
3/23/15,21
3/24/15,24
3/25/15,28
3/26/15,26
3/27/15,23
3/28/15,21
3/29/15,20
3/30/15,19
3/31/15,18
4/1/15,18
4/2/15,17
4/3/15,16
4/4/15,16
4/5/15,15
4/6/15,14
4/7/15,13
4/8/15,12
4/9/15,12
4/10/15,12
4/11/15,12
4/12/15,11
4/13/15,10
4/14/15,9
4/15/15,7
4/16/15,11
4/17/15,9
4/18/15,8
4/19/15,6
4/20/15,5
4/21/15,2
4/22/15,1
4/23/15,0
4/24/15,1
4/25/15,2
4/26/15,0
4/27/15,0
4/28/15,0
4/29/15,0
4/30/15,0
5/1/15,0
5/2/15,0
5/3/15,0
5/4/15,0
5/5/15,0
5/6/15,0
5/7/15,0
5/8/15,0
5/9/15,0
5/10/15,0
5/11/15,0
5/12/15,0
5/13/15,0
5/14/15,0
5/15/15,0
5/16/15,1
5/17/15,3
5/18/15,2
5/19/15,2
5/20/15,0
5/21/15,0
5/22/15,0
5/23/15,0
5/24/15,0
5/25/15,0
5/26/15,0
5/27/15,0
5/28/15,0
5/29/15,0
5/30/15,0
5/31/15,0
6/1/15,0
6/2/15,0
6/3/15,0
6/4/15,0
6/5/15,0
6/6/15,0
6/7/15,0
6/8/15,0
6/9/15,0
6/10/15,0
6/11/15,0
6/12/15,0
6/13/15,0
6/14/15,0
6/15/15,0
6/16/15,0
6/17/15,0
6/18/15,0
6/19/15,0
6/20/15,0
6/21/15,0
6/22/15,0
6/23/15,0
6/24/15,0
6/25/15,0
6/26/15,0
6/27/15,0
6/28/15,0
6/29/15,0
6/30/15,0
7/1/15,0
7/2/15,0
7/3/15,0
7/4/15,0
7/5/15,0
7/6/15,0
7/7/15,0
7/8/15,0
7/9/15,0
7/10/15,0
7/11/15,0
7/12/15,0
7/13/15,0
7/14/15,0
7/15/15,0
7/16/15,0
7/17/15,0
7/18/15,0
7/19/15,0
7/20/15,0
7/21/15,0
7/22/15,0
7/23/15,0
7/24/15,0
7/25/15,0
7/26/15,0
7/27/15,0
7/28/15,0
7/29/15,0
7/30/15,0
7/31/15,0
8/1/15,0
8/2/15,0
8/3/15,0
8/4/15,0
8/5/15,0
8/6/15,0
8/7/15,0
8/8/15,0
8/9/15,0
8/10/15,0
8/11/15,0
8/12/15,0
8/13/15,0
8/14/15,0
8/15/15,0
8/16/15,0
8/17/15,0
8/18/15,0
8/19/15,0
8/20/15,0
8/21/15,0
8/22/15,0
8/23/15,0
8/24/15,0
8/25/15,0
8/26/15,0
8/27/15,0
8/28/15,0
8/29/15,0
8/30/15,0
8/31/15,0
9/1/15,0
9/2/15,0
9/3/15,0
9/4/15,0
9/5/15,0
9/6/15,0
9/7/15,0
9/8/15,0
9/9/15,0
9/10/15,0
9/11/15,0
9/12/15,0
9/13/15,0
9/14/15,0
9/15/15,0
9/16/15,0
9/17/15,0
9/18/15,0
9/19/15,0
9/20/15,0
9/21/15,0
9/22/15,0
9/23/15,0
9/24/15,0
9/25/15,0
9/26/15,0
9/27/15,0
9/28/15,0
9/29/15,0
9/30/15,0
10/1/15,0
10/2/15,0
10/3/15,0
10/4/15,0
10/5/15,0
10/6/15,0
10/7/15,0
10/8/15,0
10/9/15,0
10/10/15,0
10/11/15,0
10/12/15,0
10/13/15,0
10/14/15,0
10/15/15,0
10/16/15,0
10/17/15,0
10/18/15,0
10/19/15,0
10/20/15,0
10/21/15,0
10/22/15,0
10/23/15,0
10/24/15,0
10/25/15,0
10/26/15,0
10/27/15,0
10/28/15,0
10/29/15,0
10/30/15,0
10/31/15,0
11/1/15,0
11/2/15,0
11/3/15,0
11/4/15,0
11/5/15,0
11/6/15,0
11/7/15,2
11/8/15,2
11/9/15,2
11/10/15,6
11/11/15,6
11/12/15,5
11/13/15,5
11/14/15,5
11/15/15,5
11/16/15,5
11/17/15,5
11/18/15,5
11/19/15,5
11/20/15,8
11/21/15,10
11/22/15,9
11/23/15,9
11/24/15,8
11/25/15,8
11/26/15,12
11/27/15,11
11/28/15,11
11/29/15,12
11/30/15,12
12/1/15,11
12/2/15,12
12/3/15,11
12/4/15,10
12/5/15,10
12/6/15,11
12/7/15,10
12/8/15,12
12/9/15,10
12/10/15,11
12/11/15,16
12/12/15,14
12/13/15,13
12/14/15,16
12/15/15,20
12/16/15,20
12/17/15,24
12/18/15,23
12/19/15,21
12/20/15,20
12/21/15,24
12/22/15,32
12/23/15,43
12/24/15,48
12/25/15,46
12/26/15,41
12/27/15,40
12/28/15,38
12/29/15,38
12/30/15,36
12/31/15,36
1/1/16,35
1/2/16,35
1/3/16,34
1/4/16,33
1/5/16,32
1/6/16,31
1/7/16,35
1/8/16,35
1/9/16,34
1/10/16,35
1/11/16,35
1/12/16,35
1/13/16,34
1/14/16,32
1/15/16,35
1/16/16,36
1/17/16,37
1/18/16,37
1/19/16,40
1/20/16,40
1/21/16,42
1/22/16,42
1/23/16,40
1/24/16,43
1/25/16,47
1/26/16,44
1/27/16,43
1/28/16,42
1/29/16,40
1/30/16,47
1/31/16,55
2/1/16,54
2/2/16,53
2/3/16,50
2/4/16,52
2/5/16,53
2/6/16,52
2/7/16,51
2/8/16,50
2/9/16,48
2/10/16,47
2/11/16,46
2/12/16,45
2/13/16,44
2/14/16,43
2/15/16,47
2/16/16,46
2/17/16,45
2/18/16,45
2/19/16,50
2/20/16,49
2/21/16,51
2/22/16,50
2/23/16,50
2/24/16,49
2/25/16,48
2/26/16,47
2/27/16,46
2/28/16,45
2/29/16,45
3/1/16,45
3/2/16,44
3/3/16,44
3/4/16,43
3/5/16,42
3/6/16,41
3/7/16,44
3/8/16,44
3/9/16,44
3/10/16,46
3/11/16,43
3/12/16,42
3/13/16,42
3/14/16,41
3/15/16,48
3/16/16,53
3/17/16,51
3/18/16,53
3/19/16,52
3/20/16,50
3/21/16,47
3/22/16,46
3/23/16,52
3/24/16,50
3/25/16,51
3/26/16,49
3/27/16,49
3/28/16,48
3/29/16,56
3/30/16,61
3/31/16,61
4/1/16,58
4/2/16,57
4/3/16,54
4/4/16,51
4/5/16,49
4/6/16,48
4/7/16,46
4/8/16,45
4/9/16,43
4/10/16,41
4/11/16,42
4/12/16,41
4/13/16,40
4/14/16,41
4/15/16,43
4/16/16,42
4/17/16,41
4/18/16,41
4/19/16,40
4/20/16,37
4/21/16,34
4/22/16,32
4/23/16,31
4/24/16,30
4/25/16,29
4/26/16,28
4/27/16,27
4/28/16,28
4/29/16,27
4/30/16,28
5/1/16,27
5/2/16,27
5/3/16,24
5/4/16,21
5/5/16,19
5/6/16,16
5/7/16,15
5/8/16,15
5/9/16,14
5/10/16,12
5/11/16,9
5/12/16,10
5/13/16,7
5/14/16,4
5/15/16,1
5/16/16,0
5/17/16,0
5/18/16,0
5/19/16,0
5/20/16,0
5/21/16,0
5/22/16,0
5/23/16,0
5/24/16,0
5/25/16,0
5/26/16,0
5/27/16,0
5/28/16,0
5/29/16,0
5/30/16,0
5/31/16,0
6/1/16,0
6/2/16,0
6/3/16,0
6/4/16,0
6/5/16,0
6/6/16,0
6/7/16,0
6/8/16,0
6/9/16,0
6/10/16,0
6/11/16,0
6/12/16,0
6/13/16,0
6/14/16,0
6/15/16,0
6/16/16,0
6/17/16,0
6/18/16,0
6/19/16,0
6/20/16,0
6/21/16,0
6/22/16,0
6/23/16,0
6/24/16,0
6/25/16,0
6/26/16,0
6/27/16,0
6/28/16,0
6/29/16,0
6/30/16,0
7/1/16,0
7/2/16,0
7/3/16,0
7/4/16,0
7/5/16,0
7/6/16,0
7/7/16,0
7/8/16,0
7/9/16,0
7/10/16,0
7/11/16,0
7/12/16,0
7/13/16,0
7/14/16,0
7/15/16,0
7/16/16,0
7/17/16,0
7/18/16,0
7/19/16,0
7/20/16,0
7/21/16,0
7/22/16,0
7/23/16,0
7/24/16,0
7/25/16,0
7/26/16,0
7/27/16,0
7/28/16,0
7/29/16,0
7/30/16,0
7/31/16,0
8/1/16,0
8/2/16,0
8/3/16,0
8/4/16,0
8/5/16,0
8/6/16,0
8/7/16,0
8/8/16,0
8/9/16,0
8/10/16,0
8/11/16,0
8/12/16,0
8/13/16,0
8/14/16,0
8/15/16,0
8/16/16,0
8/17/16,0
8/18/16,0
8/19/16,0
8/20/16,0
8/21/16,0
8/22/16,0
8/23/16,0
8/24/16,0
8/25/16,0
8/26/16,0
8/27/16,0
8/28/16,0
8/29/16,0
8/30/16,0
8/31/16,0
9/1/16,0
9/2/16,0
9/3/16,0
9/4/16,0
9/5/16,0
9/6/16,0
9/7/16,0
9/8/16,0
9/9/16,0
9/10/16,0
9/11/16,0
9/12/16,0
9/13/16,0
9/14/16,0
9/15/16,0
9/16/16,0
9/17/16,0
9/18/16,0
9/19/16,0
9/20/16,0
9/21/16,0
9/22/16,0
9/23/16,1
9/24/16,4
9/25/16,5
9/26/16,2
9/27/16,1
9/28/16,0
9/29/16,0
9/30/16,0
10/1/16,0
10/2/16,0
10/3/16,0
10/4/16,0
10/5/16,0
10/6/16,0
10/7/16,0
10/8/16,0
10/9/16,0
10/10/16,0
10/11/16,0
10/12/16,0
10/13/16,0
10/14/16,0
10/15/16,0
10/16/16,0
10/17/16,0
10/18/16,5
10/19/16,4
10/20/16,3
10/21/16,3
10/22/16,2
10/23/16,1
10/24/16,0
10/25/16,0
10/26/16,0
10/27/16,0
10/28/16,0
10/29/16,0
10/30/16,0
10/31/16,0
11/1/16,0
11/2/16,1
11/3/16,1
11/4/16,1
11/5/16,0
11/6/16,0
11/7/16,0
11/8/16,0
11/9/16,0
11/10/16,0
11/11/16,0
11/12/16,0
11/13/16,0
11/14/16,0
11/15/16,0
11/16/16,0
11/17/16,0
11/18/16,2
11/19/16,1
11/20/16,1
11/21/16,0
11/22/16,4
11/23/16,4
11/24/16,6
11/25/16,5
11/26/16,4
11/27/16,4
11/28/16,10
11/29/16,16
11/30/16,13
12/1/16,11
12/2/16,11
12/3/16,10
12/4/16,9
12/5/16,10
12/6/16,12
12/7/16,10
12/8/16,9
12/9/16,15
12/10/16,18
12/11/16,38
12/12/16,37
12/13/16,32
12/14/16,32
12/15/16,35
12/16/16,34
12/17/16,42
12/18/16,39
12/19/16,37
12/20/16,37
12/21/16,35
12/22/16,35
12/23/16,32
12/24/16,34
12/25/16,38
12/26/16,40
12/27/16,40
12/28/16,39
12/29/16,38
12/30/16,36
12/31/16,35
1/1/17,34
1/2/17,33
1/3/17,40
1/4/17,39
1/5/17,
1/6/17,53
1/7/17,51
1/8/17,47
1/9/17,51
1/10/17,58
1/11/17,73
1/12/17,86
1/13/17,78
1/14/17,74
1/15/17,71
1/16/17,68
1/17/17,68
1/18/17,66
1/19/17,64
1/20/17,65
1/21/17,65
1/22/17,67
1/23/17,71
1/24/17,77
1/25/17,78
1/26/17,78
1/27/17,76
1/28/17,74
1/29/17,73
1/30/17,71
1/31/17,69
2/1/17,67
2/2/17,66
2/3/17,67
2/4/17,67
2/5/17,68
2/6/17,66
2/7/17,72
2/8/17,79
2/9/17,77
2/10/17,71
2/11/17,74
2/12/17,73
2/13/17,71
2/14/17,70
2/15/17,69
2/16/17,68
2/17/17,67
2/18/17,67
2/19/17,67
2/20/17,73
2/21/17,72
2/22/17,77
2/23/17,79
2/24/17,82
2/25/17,81
2/26/17,81
2/27/17,78
2/28/17,90
3/1/17,88
3/2/17,84
3/3/17,82
3/4/17,79
3/5/17,77
3/6/17,81
3/7/17,90
3/8/17,89
3/9/17,85
3/10/17,81
3/11/17,80
3/12/17,78
3/13/17,77
3/14/17,76
3/15/17,74
3/16/17,73
3/17/17,71
3/18/17,70
3/19/17,68
3/20/17,66
3/21/17,64
3/22/17,63
3/23/17,63
3/24/17,73
3/25/17,69
3/26/17,69
3/27/17,68
3/28/17,69
3/29/17,68
3/30/17,66
3/31/17,65
4/1/17,69
4/2/17,67
4/3/17,68
4/4/17,68
4/5/17,68
4/6/17,67
4/7/17,66
4/8/17,64
4/9/17,73
4/10/17,70
4/11/17,69
4/12/17,67
4/13/17,65
4/14/17,64
4/15/17,63
4/16/17,62
4/17/17,60
4/18/17,58
4/19/17,62
4/20/17,58
4/21/17,60
4/22/17,58
4/23/17,58
4/24/17,56
4/25/17,61
4/26/17,60
4/27/17,60
4/28/17,63
4/29/17,65
4/30/17,62
5/1/17,61
5/2/17,58
5/3/17,57
5/4/17,56
5/5/17,52
5/6/17,49
5/7/17,46
5/8/17,43
5/9/17,41
5/10/17,38
5/11/17,35
5/12/17,32
5/13/17,29
5/14/17,29
5/15/17,27
5/16/17,24
5/17/17,22
5/18/17,29
5/19/17,31
5/20/17,28
5/21/17,26
5/22/17,25
5/23/17,22
5/24/17,19
5/25/17,15
5/26/17,13
5/27/17,11
5/28/17,9
5/29/17,5
5/30/17,3
5/31/17,1
6/1/17,0
6/2/17,0
6/3/17,0
6/4/17,0
6/5/17,0
6/6/17,0
6/7/17,0
6/8/17,0
6/9/17,0
6/10/17,0
6/11/17,0
6/12/17,0
6/13/17,0
6/14/17,3
6/15/17,1
6/16/17,0
6/17/17,0
6/18/17,0
6/19/17,0
6/20/17,0
6/21/17,0
6/22/17,0
6/23/17,0
6/24/17,0
6/25/17,0
6/26/17,0
6/27/17,0
6/28/17,0
6/29/17,0
6/30/17,0
7/1/17,0
7/2/17,0
7/3/17,0
7/4/17,0
7/5/17,0
7/6/17,0
7/7/17,0
7/8/17,0
7/9/17,0
7/10/17,0
7/11/17,0
7/12/17,0
7/13/17,0
7/14/17,0
7/15/17,0
7/16/17,0
7/17/17,0
7/18/17,0
7/19/17,0
7/20/17,0
7/21/17,0
7/22/17,0
7/23/17,0
7/24/17,0
7/25/17,0
7/26/17,0
7/27/17,0
7/28/17,0
7/29/17,0
7/30/17,0
7/31/17,0
8/1/17,0
8/2/17,0
8/3/17,0
8/4/17,0
8/5/17,0
8/6/17,0
8/7/17,0
8/8/17,0
8/9/17,0
8/10/17,0
8/11/17,0
8/12/17,0
8/13/17,0
8/14/17,0
8/15/17,0
8/16/17,0
8/17/17,0
8/18/17,0
8/19/17,0
8/20/17,0
8/21/17,0
8/22/17,0
8/23/17,0
8/24/17,0
8/25/17,0
8/26/17,0
8/27/17,0
8/28/17,0
8/29/17,0
8/30/17,0
8/31/17,0
9/1/17,0
9/2/17,0
9/3/17,0
9/4/17,0
9/5/17,0
9/6/17,0
9/7/17,0
9/8/17,0
9/9/17,0
9/10/17,0
9/11/17,0
9/12/17,0
9/13/17,0
9/14/17,0
9/15/17,0
9/16/17,0
9/17/17,0
9/18/17,0
9/19/17,0
9/20/17,0
9/21/17,0
9/22/17,0
9/23/17,0
9/24/17,1
9/25/17,1
9/26/17,0
9/27/17,0
9/28/17,
9/29/17,0
9/30/17,0
10/1/17,0
10/2/17,1
10/3/17,2
10/4/17,1
10/5/17,1
10/6/17,0
10/7/17,0
10/8/17,0
10/9/17,0
10/10/17,0
10/11/17,0
10/12/17,0
10/13/17,0
10/14/17,0
10/15/17,0
10/16/17,0
10/17/17,0
10/18/17,0
10/19/17,0
10/20/17,0
10/21/17,0
10/22/17,0
10/23/17,0
10/24/17,0
10/25/17,0
10/26/17,0
10/27/17,0
10/28/17,0
10/29/17,0
10/30/17,0
10/31/17,0
11/1/17,0
11/2/17,0
11/3/17,0
11/4/17,1
11/5/17,7
11/6/17,8
11/7/17,9
11/8/17,9
11/9/17,7
11/10/17,6
11/11/17,5
11/12/17,5
11/13/17,5
11/14/17,5
11/15/17,5
11/16/17,4
11/17/17,10
11/18/17,15
11/19/17,14
11/20/17,12
11/21/17,11
11/22/17,10
11/23/17,10
11/24/17,9
11/25/17,9
11/26/17,8
11/27/17,8
11/28/17,9
11/29/17,9
11/30/17,9
12/1/17,8
12/2/17,7
12/3/17,7
12/4/17,15
12/5/17,15
12/6/17,15
12/7/17,14
12/8/17,13
12/9/17,13
12/10/17,13
12/11/17,13
12/12/17,12
12/13/17,12
12/14/17,13
12/15/17,12
12/16/17,12
12/17/17,13
12/18/17,13
12/19/17,13
12/20/17,13
12/21/17,15
12/22/17,15
12/23/17,12
12/24/17,27
12/25/17,27
12/26/17,28
12/27/17,25
12/28/17,25
12/29/17,24
12/30/17,23
12/31/17,22
1/1/18,22
1/2/18,22
1/3/18,22
1/4/18,21
1/5/18,21
1/6/18,21
1/7/18,23
1/8/18,23
1/9/18,22
1/10/18,23
1/11/18,26
1/12/18,25
1/13/18,27
1/14/18,26
1/15/18,26
1/16/18,26
1/17/18,25
1/18/18,25
1/19/18,25
1/20/18,30
1/21/18,31
1/22/18,31
1/23/18,30
1/24/18,30
1/25/18,29
1/26/18,32
1/27/18,31
1/28/18,32
1/29/18,31
1/30/18,30
1/31/18,29
2/1/18,29
2/2/18,29
2/3/18,28
2/4/18,28
2/5/18,28
2/6/18,29
2/7/18,29
2/8/18,29
2/9/18,28
2/10/18,28
2/11/18,29
2/12/18,28
2/13/18,28
2/14/18,25
2/15/18,29
2/16/18,32
2/17/18,33
2/18/18,31
2/19/18,38
2/20/18,40
2/21/18,39
2/22/18,38
2/23/18,39
2/24/18,39
2/25/18,41
2/26/18,43
2/27/18,42
2/28/18,41
3/1/18,40
3/2/18,39
3/3/18,38
3/4/18,37
3/5/18,40
3/6/18,41
3/7/18,41
3/8/18,39
3/9/18,38
3/10/18,37
3/11/18,36
3/12/18,35
3/13/18,34
3/14/18,33
3/15/18,37
3/16/18,37
3/17/18,36
3/18/18,44
3/19/18,40
3/20/18,40
3/21/18,39
3/22/18,38
3/23/18,36
3/24/18,40
3/25/18,39
3/26/18,42
3/27/18,42
3/28/18,40
3/29/18,40
3/30/18,39
3/31/18,37
4/1/18,36
4/2/18,35
4/3/18,36
4/4/18,36
4/5/18,35
4/6/18,33
4/7/18,35
4/8/18,
4/9/18,
4/10/18,
4/11/18,
4/12/18,
4/13/18,35